index,label
0001.jpg,bluzy
0002.jpg,bluzy
0003.jpg,bluzy
0004.jpg,bluzy
0005.jpg,bluzy
0006.jpg,bluzy
0007.jpg,bluzy
0008.jpg,bluzy
0009.jpg,bluzy
0010.jpg,bluzy
0011.jpg,bluzy
0012.jpg,bluzy
0013.jpg,bluzy
0014.jpg,bluzy
0015.jpg,bluzy
0016.jpg,bluzy
0017.jpg,bluzy
0018.jpg,bluzy
0019.jpg,bluzy
0020.jpg,bluzy
0021.jpg,bluzy
0022.jpg,bluzy
0023.jpg,bluzy
0024.jpg,bluzy
0025.jpg,bluzy
0026.jpg,bluzy
0027.jpg,bluzy
0028.jpg,bluzy
0029.jpg,bluzy
0030.jpg,bluzy
0031.jpg,bluzy
0032.jpg,bluzy
0033.jpg,bluzy
0034.jpg,bluzy
0035.jpg,bluzy
0036.jpg,bluzy
0037.jpg,bluzy
0038.jpg,bluzy
0039.jpg,bluzy
0040.jpg,bluzy
0041.jpg,bluzy
0042.jpg,bluzy
0043.jpg,bluzy
0044.jpg,bluzy
0045.jpg,bluzy
0046.jpg,bluzy
0047.jpg,bluzy
0048.jpg,bluzy
0049.jpg,bluzy
0050.jpg,bluzy
0051.jpg,bluzy
0052.jpg,bluzy
0053.jpg,bluzy
0054.jpg,bluzy
0055.jpg,bluzy
0056.jpg,bluzy
0057.jpg,bluzy
0058.jpg,bluzy
0059.jpg,bluzy
0060.jpg,bluzy
0061.jpg,bluzy
0062.jpg,bluzy
0063.jpg,bluzy
0064.jpg,bluzy
0065.jpg,bluzy
0066.jpg,bluzy
0067.jpg,bluzy
0068.jpg,bluzy
0069.jpg,bluzy
0070.jpg,bluzy
0071.jpg,bluzy
0072.jpg,bluzy
0073.jpg,bluzy
0074.jpg,bluzy
0075.jpg,bluzy
0076.jpg,bluzy
0077.jpg,bluzy
0078.jpg,bluzy
0079.jpg,bluzy
0080.jpg,bluzy
0081.jpg,bluzy
0082.jpg,bluzy
0083.jpg,bluzy
0084.jpg,bluzy
0085.jpg,bluzy
0086.jpg,bluzy
0087.jpg,bluzy
0088.jpg,bluzy
0089.jpg,bluzy
0090.jpg,bluzy
0091.jpg,bluzy
0092.jpg,bluzy
0093.jpg,bluzy
0094.jpg,bluzy
0095.jpg,bluzy
0096.jpg,bluzy
0097.jpg,bluzy
0098.jpg,bluzy
0099.jpg,bluzy
0100.jpg,bluzy
0101.jpg,bluzy
0102.jpg,bluzy
0103.jpg,bluzy
0104.jpg,bluzy
0105.jpg,bluzy
0106.jpg,bluzy
0107.jpg,bluzy
0108.jpg,bluzy
0109.jpg,bluzy
0110.jpg,bluzy
0111.jpg,bluzy
0112.jpg,bluzy
0113.jpg,bluzy
0114.jpg,bluzy
0115.jpg,bluzy
0116.jpg,bluzy
0117.jpg,bluzy
0118.jpg,bluzy
0119.jpg,bluzy
0120.jpg,bluzy
0121.jpg,bluzy
0122.jpg,bluzy
0123.jpg,bluzy
0124.jpg,bluzy
0125.jpg,bluzy
0126.jpg,bluzy
0127.jpg,bluzy
0128.jpg,bluzy
0129.jpg,bluzy
0130.jpg,bluzy
0131.jpg,bluzy
0132.jpg,bluzy
0133.jpg,bluzy
0134.jpg,bluzy
0135.jpg,bluzy
0136.jpg,bluzy
0137.jpg,bluzy
0138.jpg,bluzy
0139.jpg,bluzy
0140.jpg,bluzy
0141.jpg,bluzy
0142.jpg,bluzy
0143.jpg,bluzy
0144.jpg,bluzy
0145.jpg,bluzy
0146.jpg,bluzy
0147.jpg,bluzy
0148.jpg,bluzy
0149.jpg,bluzy
0150.jpg,bluzy
0151.jpg,bluzy
0152.jpg,bluzy
0153.jpg,bluzy
0154.jpg,bluzy
0155.jpg,bluzy
0156.jpg,bluzy
0157.jpg,bluzy
0158.jpg,bluzy
0159.jpg,bluzy
0160.jpg,bluzy
0161.jpg,bluzy
0162.jpg,bluzy
0163.jpg,bluzy
0164.jpg,bluzy
0165.jpg,bluzy
0166.jpg,bluzy
0167.jpg,bluzy
0168.jpg,bluzy
0169.jpg,bluzy
0170.jpg,bluzy
0171.jpg,bluzy
0172.jpg,bluzy
0173.jpg,bluzy
0174.jpg,bluzy
0175.jpg,bluzy
0176.jpg,bluzy
0177.jpg,bluzy
0178.jpg,bluzy
0179.jpg,bluzy
0180.jpg,bluzy
0181.jpg,bluzy
0182.jpg,bluzy
0183.jpg,bluzy
0184.jpg,bluzy
0185.jpg,bluzy
0186.jpg,bluzy
0187.jpg,bluzy
0188.jpg,bluzy
0189.jpg,bluzy
0190.jpg,bluzy
0191.jpg,bluzy
0192.jpg,bluzy
0193.jpg,bluzy
0194.jpg,bluzy
0195.jpg,bluzy
0196.jpg,bluzy
0197.jpg,bluzy
0198.jpg,bluzy
0199.jpg,bluzy
0200.jpg,bluzy
0201.jpg,bluzy
0202.jpg,bluzy
0203.jpg,bluzy
0204.jpg,bluzy
0205.jpg,bluzy
0206.jpg,bluzy
0207.jpg,bluzy
0208.jpg,bluzy
0209.jpg,bluzy
0210.jpg,bluzy
0211.jpg,bluzy
0212.jpg,bluzy
0213.jpg,bluzy
0214.jpg,bluzy
0215.jpg,bluzy
0216.jpg,bluzy
0217.jpg,bluzy
0218.jpg,bluzy
0219.jpg,bluzy
0220.jpg,bluzy
0221.jpg,bluzy
0222.jpg,bluzy
0223.jpg,bluzy
0224.jpg,bluzy
0225.jpg,bluzy
0226.jpg,bluzy
0227.jpg,bluzy
0228.jpg,bluzy
0229.jpg,bluzy
0230.jpg,bluzy
0231.jpg,bluzy
0232.jpg,bluzy
0233.jpg,bluzy
0234.jpg,bluzy
0235.jpg,bluzy
0236.jpg,bluzy
0237.jpg,bluzy
0238.jpg,bluzy
0239.jpg,bluzy
0240.jpg,bluzy
0241.jpg,bluzy
0242.jpg,bluzy
0243.jpg,bluzy
0244.jpg,bluzy
0245.jpg,bluzy
0246.jpg,bluzy
0247.jpg,bluzy
0248.jpg,bluzy
0249.jpg,bluzy
0250.jpg,bluzy
0251.jpg,bluzy
0252.jpg,bluzy
0253.jpg,bluzy
0254.jpg,bluzy
0255.jpg,bluzy
0256.jpg,bluzy
0257.jpg,bluzy
0258.jpg,bluzy
0259.jpg,bluzy
0260.jpg,bluzy
0261.jpg,bluzy
0262.jpg,bluzy
0263.jpg,bluzy
0264.jpg,bluzy
0265.jpg,bluzy
0266.jpg,bluzy
0267.jpg,bluzy
0268.jpg,bluzy
0269.jpg,bluzy
0270.jpg,bluzy
0271.jpg,bluzy
0272.jpg,bluzy
0273.jpg,bluzy
0274.jpg,bluzy
0275.jpg,bluzy
0276.jpg,bluzy
0277.jpg,bluzy
0278.jpg,bluzy
0279.jpg,bluzy
0280.jpg,bluzy
0281.jpg,bluzy
0282.jpg,bluzy
0283.jpg,bluzy
0284.jpg,bluzy
0285.jpg,bluzy
0286.jpg,bluzy
0287.jpg,bluzy
0288.jpg,bluzy
0289.jpg,bluzy
0290.jpg,bluzy
0291.jpg,bluzy
0292.jpg,bluzy
0293.jpg,bluzy
0294.jpg,bluzy
0295.jpg,bluzy
0296.jpg,bluzy
0297.jpg,bluzy
0298.jpg,bluzy
0299.jpg,bluzy
0300.jpg,bluzy
0301.jpg,bluzy
0302.jpg,bluzy
0303.jpg,bluzy
0304.jpg,bluzy
0305.jpg,bluzy
0306.jpg,bluzy
0307.jpg,bluzy
0308.jpg,bluzy
0309.jpg,bluzy
0310.jpg,bluzy
0311.jpg,bluzy
0312.jpg,bluzy
0313.jpg,bluzy
0314.jpg,bluzy
0315.jpg,bluzy
0316.jpg,bluzy
0317.jpg,bluzy
0318.jpg,bluzy
0319.jpg,bluzy
0320.jpg,bluzy
0321.jpg,bluzy
0322.jpg,bluzy
0323.jpg,bluzy
0324.jpg,bluzy
0325.jpg,bluzy
0326.jpg,bluzy
0327.jpg,bluzy
0328.jpg,bluzy
0329.jpg,bluzy
0330.jpg,bluzy
0331.jpg,bluzy
0332.jpg,bluzy
0333.jpg,bluzy
0334.jpg,bluzy
0335.jpg,bluzy
0336.jpg,bluzy
0337.jpg,bluzy
0338.jpg,bluzy
0339.jpg,bluzy
0340.jpg,bluzy
0341.jpg,bluzy
0342.jpg,bluzy
0343.jpg,bluzy
0344.jpg,bluzy
0345.jpg,bluzy
0346.jpg,bluzy
0347.jpg,bluzy
0348.jpg,bluzy
0349.jpg,bluzy
0350.jpg,bluzy
0351.jpg,bluzy
0352.jpg,bluzy
0353.jpg,bluzy
0354.jpg,bluzy
0355.jpg,bluzy
0356.jpg,bluzy
0357.jpg,bluzy
0358.jpg,bluzy
0359.jpg,bluzy
0360.jpg,bluzy
0361.jpg,bluzy
0362.jpg,bluzy
0363.jpg,bluzy
0364.jpg,bluzy
0365.jpg,bluzy
0366.jpg,bluzy
0367.jpg,bluzy
0368.jpg,bluzy
0369.jpg,bluzy
0370.jpg,bluzy
0371.jpg,bluzy
0372.jpg,bluzy
0373.jpg,bluzy
0374.jpg,bluzy
0375.jpg,bluzy
0376.jpg,bluzy
0377.jpg,bluzy
0378.jpg,bluzy
0379.jpg,bluzy
0380.jpg,bluzy
0381.jpg,bluzy
0382.jpg,bluzy
0383.jpg,bluzy
0384.jpg,bluzy
0385.jpg,bluzy
0386.jpg,bluzy
0387.jpg,bluzy
0388.jpg,bluzy
0389.jpg,bluzy
0390.jpg,bluzy
0391.jpg,bluzy
0392.jpg,bluzy
0393.jpg,bluzy
0394.jpg,bluzy
0395.jpg,bluzy
0396.jpg,bluzy
0397.jpg,bluzy
0398.jpg,bluzy
0399.jpg,bluzy
0400.jpg,bluzy
0401.jpg,bluzy
0402.jpg,bluzy
0403.jpg,bluzy
0404.jpg,bluzy
0405.jpg,bluzy
0406.jpg,bluzy
0407.jpg,bluzy
0408.jpg,bluzy
0409.jpg,bluzy
0410.jpg,bluzy
0411.jpg,bluzy
0412.jpg,bluzy
0413.jpg,bluzy
0414.jpg,bluzy
0415.jpg,bluzy
0416.jpg,bluzy
0417.jpg,bluzy
0418.jpg,bluzy
0419.jpg,bluzy
0420.jpg,bluzy
0421.jpg,bluzy
0422.jpg,bluzy
0423.jpg,bluzy
0424.jpg,bluzy
0425.jpg,bluzy
0426.jpg,bluzy
0427.jpg,bluzy
0428.jpg,bluzy
0429.jpg,bluzy
0430.jpg,bluzy
0431.jpg,bluzy
0432.jpg,bluzy
0433.jpg,bluzy
0434.jpg,bluzy
0435.jpg,bluzy
0436.jpg,bluzy
0437.jpg,bluzy
0438.jpg,bluzy
0439.jpg,bluzy
0440.jpg,bluzy
0441.jpg,bluzy
0442.jpg,bluzy
0443.jpg,bluzy
0444.jpg,bluzy
0445.jpg,bluzy
0446.jpg,bluzy
0447.jpg,bluzy
0448.jpg,bluzy
0449.jpg,bluzy
0450.jpg,bluzy
0451.jpg,bluzy
0452.jpg,bluzy
0453.jpg,bluzy
0454.jpg,bluzy
0455.jpg,bluzy
0456.jpg,bluzy
0457.jpg,bluzy
0458.jpg,bluzy
0459.jpg,bluzy
0460.jpg,bluzy
0461.jpg,bluzy
0462.jpg,bluzy
0463.jpg,bluzy
0464.jpg,bluzy
0465.jpg,bluzy
0466.jpg,bluzy
0467.jpg,bluzy
0468.jpg,bluzy
0469.jpg,bluzy
0470.jpg,bluzy
0471.jpg,bluzy
0472.jpg,bluzy
0473.jpg,bluzy
0474.jpg,bluzy
0475.jpg,bluzy
0476.jpg,bluzy
0477.jpg,bluzy
0478.jpg,bluzy
0479.jpg,bluzy
0480.jpg,bluzy
0481.jpg,bluzy
0482.jpg,bluzy
0483.jpg,bluzy
0484.jpg,bluzy
0485.jpg,bluzy
0486.jpg,bluzy
0487.jpg,bluzy
0488.jpg,bluzy
0489.jpg,bluzy
0490.jpg,bluzy
0491.jpg,bluzy
0492.jpg,bluzy
0493.jpg,bluzy
0494.jpg,bluzy
0495.jpg,bluzy
0496.jpg,bluzy
0497.jpg,bluzy
0498.jpg,bluzy
0499.jpg,bluzy
0500.jpg,bluzy
0501.jpg,bluzy
0502.jpg,bluzy
0503.jpg,bluzy
0504.jpg,bluzy
0505.jpg,bluzy
0506.jpg,bluzy
0507.jpg,bluzy
0508.jpg,bluzy
0509.jpg,bluzy
0510.jpg,bluzy
0511.jpg,bluzy
0512.jpg,bluzy
0513.jpg,bluzy
0514.jpg,bluzy
0515.jpg,bluzy
0516.jpg,bluzy
0517.jpg,bluzy
0518.jpg,bluzy
0519.jpg,bluzy
0520.jpg,bluzy
0521.jpg,bluzy
0522.jpg,bluzy
0523.jpg,bluzy
0524.jpg,bluzy
0525.jpg,bluzy
0526.jpg,bluzy
0527.jpg,bluzy
0528.jpg,bluzy
0529.jpg,bluzy
0530.jpg,bluzy
0531.jpg,bluzy
0532.jpg,bluzy
0533.jpg,bluzy
0534.jpg,bluzy
0535.jpg,bluzy
0536.jpg,bluzy
0537.jpg,bluzy
0538.jpg,bluzy
0539.jpg,bluzy
0540.jpg,bluzy
0541.jpg,bluzy
0542.jpg,bluzy
0543.jpg,bluzy
0544.jpg,bluzy
0545.jpg,bluzy
0546.jpg,bluzy
0547.jpg,bluzy
0548.jpg,bluzy
0549.jpg,bluzy
0550.jpg,bluzy
0551.jpg,bluzy
0552.jpg,bluzy
0553.jpg,bluzy
0554.jpg,bluzy
0555.jpg,bluzy
0556.jpg,bluzy
0557.jpg,bluzy
0558.jpg,bluzy
0559.jpg,bluzy
0560.jpg,bluzy
0561.jpg,bluzy
0562.jpg,bluzy
0563.jpg,bluzy
0564.jpg,bluzy
0565.jpg,bluzy
0566.jpg,bluzy
0567.jpg,bluzy
0568.jpg,bluzy
0569.jpg,bluzy
0570.jpg,bluzy
0571.jpg,bluzy
0572.jpg,bluzy
0573.jpg,bluzy
0574.jpg,bluzy
0575.jpg,bluzy
0576.jpg,bluzy
0577.jpg,bluzy
0578.jpg,bluzy
0579.jpg,bluzy
0580.jpg,bluzy
0581.jpg,bluzy
0582.jpg,bluzy
0583.jpg,bluzy
0584.jpg,bluzy
0585.jpg,bluzy
0586.jpg,bluzy
0587.jpg,bluzy
0588.jpg,bluzy
0589.jpg,bluzy
0590.jpg,bluzy
0591.jpg,bluzy
0592.jpg,bluzy
0593.jpg,bryuki
0594.jpg,bluzy
0595.jpg,bluzy
0596.jpg,bluzy
0597.jpg,bluzy
0598.jpg,bluzy
0599.jpg,bluzy
0600.jpg,bluzy
0601.jpg,bluzy
0602.jpg,bluzy
0603.jpg,bluzy
0604.jpg,bluzy
0605.jpg,bluzy
0606.jpg,bluzy
0607.jpg,bluzy
0608.jpg,bluzy
0609.jpg,bluzy
0610.jpg,bluzy
0611.jpg,bluzy
0612.jpg,bluzy
0613.jpg,bluzy
0614.jpg,bluzy
0615.jpg,bluzy
0616.jpg,bluzy
0617.jpg,bluzy
0618.jpg,bluzy
0619.jpg,bluzy
0620.jpg,bluzy
0621.jpg,bluzy
0622.jpg,bluzy
0623.jpg,bluzy
0624.jpg,bluzy
0625.jpg,bluzy
0626.jpg,bluzy
0627.jpg,bluzy
0628.jpg,bluzy
0629.jpg,bluzy
0630.jpg,bluzy
0631.jpg,bluzy
0632.jpg,bluzy
0633.jpg,bluzy
0634.jpg,bluzy
0635.jpg,bluzy
0636.jpg,bluzy
0637.jpg,bluzy
0638.jpg,bluzy
0639.jpg,bluzy
0640.jpg,bluzy
0641.jpg,bluzy
0642.jpg,bluzy
0643.jpg,bluzy
0644.jpg,bluzy
0645.jpg,bluzy
0646.jpg,bluzy
0647.jpg,bluzy
0648.jpg,bluzy
0649.jpg,bluzy
0650.jpg,bluzy
0651.jpg,bluzy
0652.jpg,bluzy
0653.jpg,bluzy
0654.jpg,bluzy
0655.jpg,bluzy
0656.jpg,bluzy
0657.jpg,bluzy
0658.jpg,bluzy
0659.jpg,bluzy
0660.jpg,bluzy
0661.jpg,bluzy
0662.jpg,bluzy
0663.jpg,bluzy
0664.jpg,bluzy
0665.jpg,bluzy
0666.jpg,bluzy
0667.jpg,bluzy
0668.jpg,bluzy
0669.jpg,bluzy
0670.jpg,bluzy
0671.jpg,bluzy
0672.jpg,bluzy
0673.jpg,bluzy
0674.jpg,bluzy
0675.jpg,bluzy
0676.jpg,bluzy
0677.jpg,bluzy
0678.jpg,bluzy
0679.jpg,bluzy
0680.jpg,bluzy
0681.jpg,bluzy
0682.jpg,bluzy
0683.jpg,bluzy
0684.jpg,bluzy
0685.jpg,bluzy
0686.jpg,bluzy
0687.jpg,bluzy
0688.jpg,bluzy
0689.jpg,bluzy
0690.jpg,bluzy
0691.jpg,bluzy
0692.jpg,bluzy
0693.jpg,bluzy
0694.jpg,bluzy
0695.jpg,bluzy
0696.jpg,bluzy
0697.jpg,bluzy
0698.jpg,bluzy
0699.jpg,bluzy
0700.jpg,bluzy
0701.jpg,bluzy
0702.jpg,bluzy
0703.jpg,bluzy
0704.jpg,bluzy
0705.jpg,bluzy
0706.jpg,bluzy
0707.jpg,bluzy
0708.jpg,bluzy
0709.jpg,bluzy
0710.jpg,bluzy
0711.jpg,bluzy
0712.jpg,bluzy
0713.jpg,bluzy
0714.jpg,bluzy
0715.jpg,bluzy
0716.jpg,bluzy
0717.jpg,bluzy
0718.jpg,bluzy
0719.jpg,bluzy
0720.jpg,bluzy
0721.jpg,bluzy
0722.jpg,bluzy
0723.jpg,bluzy
0724.jpg,bluzy
0725.jpg,bluzy
0726.jpg,bluzy
0727.jpg,bluzy
0728.jpg,bluzy
0729.jpg,bluzy
0730.jpg,bluzy
0731.jpg,bluzy
0732.jpg,bluzy
0733.jpg,bluzy
0734.jpg,bluzy
0735.jpg,bluzy
0736.jpg,bluzy
0737.jpg,bluzy
0738.jpg,bluzy
0739.jpg,bluzy
0740.jpg,bluzy
0741.jpg,bluzy
0742.jpg,bluzy
0743.jpg,bluzy
0744.jpg,bluzy
0745.jpg,bluzy
0746.jpg,bluzy
0747.jpg,bluzy
0748.jpg,bluzy
0749.jpg,bluzy
0750.jpg,bluzy
0751.jpg,bluzy
0752.jpg,bluzy
0753.jpg,bluzy
0754.jpg,bluzy
0755.jpg,bluzy
0756.jpg,bluzy
0757.jpg,bluzy
0758.jpg,bluzy
0759.jpg,bluzy
0760.jpg,bluzy
0761.jpg,bluzy
0762.jpg,bluzy
0763.jpg,bluzy
0764.jpg,bluzy
0765.jpg,bluzy
0766.jpg,bluzy
0767.jpg,bluzy
0768.jpg,bluzy
0769.jpg,bluzy
0770.jpg,bluzy
0771.jpg,bluzy
0772.jpg,bluzy
0773.jpg,bluzy
0774.jpg,bluzy
0775.jpg,bluzy
0776.jpg,bluzy
0777.jpg,bluzy
0778.jpg,bluzy
0779.jpg,bluzy
0780.jpg,bluzy
0781.jpg,bluzy
0782.jpg,bluzy
0783.jpg,bluzy
0784.jpg,bluzy
0785.jpg,bluzy
0786.jpg,bluzy
0787.jpg,bluzy
0788.jpg,bluzy
0789.jpg,bluzy
0790.jpg,bluzy
0791.jpg,bluzy
0792.jpg,bluzy
0793.jpg,bluzy
0794.jpg,bluzy
0795.jpg,bluzy
0796.jpg,bluzy
0797.jpg,bluzy
0798.jpg,bluzy
0799.jpg,bluzy
0800.jpg,bluzy
0801.jpg,bluzy
0802.jpg,bluzy
0803.jpg,bluzy
0804.jpg,bluzy
0805.jpg,bluzy
0806.jpg,bluzy
0807.jpg,bluzy
0808.jpg,bluzy
0809.jpg,bluzy
0810.jpg,bluzy
0811.jpg,bluzy
0812.jpg,bluzy
0813.jpg,bluzy
0814.jpg,bluzy
0815.jpg,bluzy
0816.jpg,bluzy
0817.jpg,bluzy
0818.jpg,bluzy
0819.jpg,bluzy
0820.jpg,bluzy
0821.jpg,bluzy
0822.jpg,bluzy
0823.jpg,bluzy
0824.jpg,bluzy
0825.jpg,bluzy
0826.jpg,bluzy
0827.jpg,bluzy
0828.jpg,bluzy
0829.jpg,bluzy
0830.jpg,bluzy
0831.jpg,bluzy
0832.jpg,bluzy
0833.jpg,bluzy
0834.jpg,bluzy
0835.jpg,bluzy
0836.jpg,bluzy
0837.jpg,bluzy
0838.jpg,bluzy
0839.jpg,bluzy
0840.jpg,bluzy
0841.jpg,bluzy
0842.jpg,bryuki
0843.jpg,bluzy
0844.jpg,bluzy
0845.jpg,bluzy
0846.jpg,bluzy
0847.jpg,bluzy
0848.jpg,bluzy
0849.jpg,bluzy
0850.jpg,bluzy
0851.jpg,bluzy
0852.jpg,bluzy
0853.jpg,bluzy
0854.jpg,bluzy
0855.jpg,bluzy
0856.jpg,bluzy
0857.jpg,bluzy
0858.jpg,bluzy
0859.jpg,bluzy
0860.jpg,bluzy
0861.jpg,bluzy
0862.jpg,bluzy
0863.jpg,bluzy
0864.jpg,bluzy
0865.jpg,bluzy
0866.jpg,bluzy
0867.jpg,bluzy
0868.jpg,bluzy
0869.jpg,bluzy
0870.jpg,bluzy
0871.jpg,bluzy
0872.jpg,bluzy
0873.jpg,bluzy
0874.jpg,bluzy
0875.jpg,bluzy
0876.jpg,bluzy
0877.jpg,bluzy
0878.jpg,bluzy
0879.jpg,bluzy
0880.jpg,bluzy
0881.jpg,bluzy
0882.jpg,bryuki
0883.jpg,bluzy
0884.jpg,bluzy
0885.jpg,bluzy
0886.jpg,bluzy
0887.jpg,bluzy
0888.jpg,bluzy
0889.jpg,bluzy
0890.jpg,bluzy
0891.jpg,bluzy
0892.jpg,bluzy
0893.jpg,bluzy
0894.jpg,bluzy
0895.jpg,bluzy
0896.jpg,bluzy
0897.jpg,bluzy
0898.jpg,bluzy
0899.jpg,bluzy
0900.jpg,bluzy
0901.jpg,bluzy
0902.jpg,bluzy
0903.jpg,bluzy
0904.jpg,bluzy
0905.jpg,bluzy
0906.jpg,bluzy
0907.jpg,bluzy
0908.jpg,bluzy
0909.jpg,bluzy
0910.jpg,bluzy
0911.jpg,bluzy
0912.jpg,bluzy
0913.jpg,bluzy
0914.jpg,bluzy
0915.jpg,bluzy
0916.jpg,bluzy
0917.jpg,bluzy
0918.jpg,bluzy
0919.jpg,bluzy
0920.jpg,bluzy
0921.jpg,bluzy
0922.jpg,bluzy
0923.jpg,bluzy
0924.jpg,bluzy
0925.jpg,bluzy
0926.jpg,bluzy
0927.jpg,bluzy
0928.jpg,bluzy
0929.jpg,bluzy
0930.jpg,bluzy
0931.jpg,bluzy
0932.jpg,bluzy
0933.jpg,bluzy
0934.jpg,bluzy
0935.jpg,bluzy
0936.jpg,bluzy
0937.jpg,bluzy
0938.jpg,bluzy
0939.jpg,bluzy
0940.jpg,bluzy
0941.jpg,bluzy
0942.jpg,bluzy
0943.jpg,bluzy
0944.jpg,bluzy
0945.jpg,bluzy
0946.jpg,bluzy
0947.jpg,bluzy
0948.jpg,bluzy
0949.jpg,bluzy
0950.jpg,bluzy
0951.jpg,bluzy
0952.jpg,bluzy
0953.jpg,bluzy
0954.jpg,bluzy
0955.jpg,bluzy
0956.jpg,bluzy
0957.jpg,bluzy
0958.jpg,bluzy
0959.jpg,bluzy
0960.jpg,bluzy
0961.jpg,bluzy
0962.jpg,bluzy
0963.jpg,bluzy
0964.jpg,bluzy
0965.jpg,bluzy
0966.jpg,bluzy
0967.jpg,bluzy
0968.jpg,bluzy
0969.jpg,bluzy
0970.jpg,bluzy
0971.jpg,bluzy
0972.jpg,bluzy
0973.jpg,bluzy
0974.jpg,bluzy
0975.jpg,bluzy
0976.jpg,bluzy
0977.jpg,bluzy
0978.jpg,bluzy
0979.jpg,bluzy
0980.jpg,bluzy
0981.jpg,bluzy
0982.jpg,bluzy
0983.jpg,bluzy
0984.jpg,bluzy
0985.jpg,bluzy
0986.jpg,bluzy
0987.jpg,bluzy
0988.jpg,bluzy
0989.jpg,bluzy
0990.jpg,bluzy
0991.jpg,bluzy
0992.jpg,bluzy
0993.jpg,bluzy
0994.jpg,bluzy
0995.jpg,bluzy
0996.jpg,bluzy
0997.jpg,bluzy
0998.jpg,bluzy
0999.jpg,bluzy
1000.jpg,bluzy
1001.jpg,bluzy
1002.jpg,bluzy
1003.jpg,bluzy
1004.jpg,bluzy
1005.jpg,bluzy
1006.jpg,bluzy
1007.jpg,bluzy
1008.jpg,bluzy
1009.jpg,bluzy
1010.jpg,bluzy
1011.jpg,bluzy
1012.jpg,bluzy
1013.jpg,bluzy
1014.jpg,bluzy
1015.jpg,bluzy
1016.jpg,bluzy
1017.jpg,bluzy
1018.jpg,bluzy
1019.jpg,bluzy
1020.jpg,bluzy
1021.jpg,bluzy
1022.jpg,bluzy
1023.jpg,bluzy
1024.jpg,bluzy
1025.jpg,bluzy
1026.jpg,bluzy
1027.jpg,bluzy
1028.jpg,bluzy
1029.jpg,bluzy
1030.jpg,bluzy
1031.jpg,bluzy
1032.jpg,bluzy
1033.jpg,bluzy
1034.jpg,bluzy
1035.jpg,bluzy
1036.jpg,bluzy
1037.jpg,bluzy
1038.jpg,bluzy
1039.jpg,bluzy
1040.jpg,bluzy
1041.jpg,bluzy
1042.jpg,bluzy
1043.jpg,bluzy
1044.jpg,bluzy
1045.jpg,bluzy
1046.jpg,bluzy
1047.jpg,bluzy
1048.jpg,bluzy
1049.jpg,bluzy
1050.jpg,bluzy
1051.jpg,bluzy
1052.jpg,bluzy
1053.jpg,bluzy
1054.jpg,bluzy
1055.jpg,bluzy
1056.jpg,bluzy
1057.jpg,bluzy
1058.jpg,bluzy
1059.jpg,bluzy
1060.jpg,bluzy
1061.jpg,bluzy
1062.jpg,bluzy
1063.jpg,bluzy
1064.jpg,bluzy
1065.jpg,bluzy
1066.jpg,bluzy
1067.jpg,bluzy
1068.jpg,bluzy
1069.jpg,bluzy
1070.jpg,bluzy
1071.jpg,bluzy
1072.jpg,bluzy
1073.jpg,bluzy
1074.jpg,bluzy
1075.jpg,bluzy
1076.jpg,bluzy
1077.jpg,bluzy
1078.jpg,bluzy
1079.jpg,bluzy
1080.jpg,bluzy
1081.jpg,bluzy
1082.jpg,bluzy
1083.jpg,bluzy
1084.jpg,bluzy
1085.jpg,bluzy
1086.jpg,bluzy
1087.jpg,bluzy
1088.jpg,bluzy
1089.jpg,bluzy
1090.jpg,bluzy
1091.jpg,bluzy
1092.jpg,bluzy
1093.jpg,bluzy
1094.jpg,bluzy
1095.jpg,bluzy
1096.jpg,bluzy
1097.jpg,bluzy
1098.jpg,bluzy
1099.jpg,bluzy
1100.jpg,bluzy
1101.jpg,bluzy
1102.jpg,bluzy
1103.jpg,bluzy
1104.jpg,bluzy
1105.jpg,bluzy
1106.jpg,bluzy
1107.jpg,bluzy
1108.jpg,bluzy
1109.jpg,bluzy
1110.jpg,bluzy
1111.jpg,bluzy
1112.jpg,bluzy
1113.jpg,bluzy
1114.jpg,bluzy
1115.jpg,bluzy
1116.jpg,bluzy
1117.jpg,bluzy
1118.jpg,bluzy
1119.jpg,bluzy
1120.jpg,bluzy
1121.jpg,bluzy
1122.jpg,bluzy
1123.jpg,bluzy
1124.jpg,bluzy
1125.jpg,bluzy
1126.jpg,bluzy
1127.jpg,bluzy
1128.jpg,bluzy
1129.jpg,bluzy
1130.jpg,bluzy
1131.jpg,bluzy
1132.jpg,bluzy
1133.jpg,bluzy
1134.jpg,bluzy
1135.jpg,bluzy
1136.jpg,bluzy
1137.jpg,bluzy
1138.jpg,bluzy
1139.jpg,bluzy
1140.jpg,bluzy
1141.jpg,bluzy
1142.jpg,bluzy
1143.jpg,bluzy
1144.jpg,bluzy
1145.jpg,bluzy
1146.jpg,bluzy
1147.jpg,bluzy
1148.jpg,bluzy
1149.jpg,bluzy
1150.jpg,bluzy
1151.jpg,bluzy
1152.jpg,bluzy
1153.jpg,bluzy
1154.jpg,bluzy
1155.jpg,bluzy
1156.jpg,bluzy
1157.jpg,bluzy
1158.jpg,bluzy
1159.jpg,bluzy
1160.jpg,bluzy
1161.jpg,bluzy
1162.jpg,bluzy
1163.jpg,bluzy
1164.jpg,bluzy
1165.jpg,bluzy
1166.jpg,bluzy
1167.jpg,bluzy
1168.jpg,bluzy
1169.jpg,bluzy
1170.jpg,bluzy
1171.jpg,bluzy
1172.jpg,bluzy
1173.jpg,bluzy
1174.jpg,bluzy
1175.jpg,bluzy
1176.jpg,bluzy
1177.jpg,bluzy
1178.jpg,bluzy
1179.jpg,bluzy
1180.jpg,bluzy
1181.jpg,bluzy
1182.jpg,bluzy
1183.jpg,bluzy
1184.jpg,bluzy
1185.jpg,bluzy
1186.jpg,bluzy
1187.jpg,bluzy
1188.jpg,bluzy
1189.jpg,bluzy
1190.jpg,bluzy
1191.jpg,bluzy
1192.jpg,bluzy
1193.jpg,bluzy
1194.jpg,bluzy
1195.jpg,bluzy
1196.jpg,bluzy
1197.jpg,bluzy
1198.jpg,bluzy
1199.jpg,bluzy
1200.jpg,bluzy
1201.jpg,bluzy
1202.jpg,bluzy
1203.jpg,bluzy
1204.jpg,bluzy
1205.jpg,bluzy
1206.jpg,bluzy
1207.jpg,bluzy
1208.jpg,bluzy
1209.jpg,bluzy
1210.jpg,bluzy
1211.jpg,bluzy
1212.jpg,bluzy
1213.jpg,bluzy
1214.jpg,bluzy
1215.jpg,bluzy
1216.jpg,bluzy
1217.jpg,bluzy
1218.jpg,bluzy
1219.jpg,bluzy
1220.jpg,bluzy
1221.jpg,bluzy
1222.jpg,bluzy
1223.jpg,bluzy
1224.jpg,bluzy
1225.jpg,bluzy
1226.jpg,bluzy
1227.jpg,bluzy
1228.jpg,bluzy
1229.jpg,bluzy
1230.jpg,bluzy
1231.jpg,bluzy
1232.jpg,bluzy
1233.jpg,bluzy
1234.jpg,bluzy
1235.jpg,bluzy
1236.jpg,bluzy
1237.jpg,bluzy
1238.jpg,bluzy
1239.jpg,bluzy
1240.jpg,bluzy
1241.jpg,bluzy
1242.jpg,bluzy
1243.jpg,bluzy
1244.jpg,bluzy
1245.jpg,bluzy
1246.jpg,bluzy
1247.jpg,bluzy
1248.jpg,bluzy
1249.jpg,bluzy
1250.jpg,bluzy
1251.jpg,bluzy
1252.jpg,bluzy
1253.jpg,bluzy
1254.jpg,bluzy
1255.jpg,bluzy
1256.jpg,bluzy
1257.jpg,bluzy
1258.jpg,bluzy
1259.jpg,bluzy
1260.jpg,bluzy
1261.jpg,bluzy
1262.jpg,bluzy
1263.jpg,bluzy
1264.jpg,bluzy
1265.jpg,bluzy
1266.jpg,bluzy
1267.jpg,bluzy
1268.jpg,bluzy
1269.jpg,bluzy
1270.jpg,bluzy
1271.jpg,bluzy
1272.jpg,bluzy
1273.jpg,bluzy
1274.jpg,bluzy
1275.jpg,bluzy
1276.jpg,bluzy
1277.jpg,bluzy
1278.jpg,bluzy
1279.jpg,bluzy
1280.jpg,bluzy
1281.jpg,bluzy
1282.jpg,bluzy
1283.jpg,bluzy
1284.jpg,bluzy
1285.jpg,bluzy
1286.jpg,bluzy
1287.jpg,bluzy
1288.jpg,bluzy
1289.jpg,bluzy
1290.jpg,bluzy
1291.jpg,bluzy
1292.jpg,bluzy
1293.jpg,bluzy
1294.jpg,bluzy
1295.jpg,bluzy
1296.jpg,bluzy
1297.jpg,bluzy
1298.jpg,bluzy
1299.jpg,bluzy
1300.jpg,bluzy
1301.jpg,bluzy
1302.jpg,bluzy
1303.jpg,bluzy
1304.jpg,bluzy
1305.jpg,bluzy
1306.jpg,bluzy
1307.jpg,bluzy
1308.jpg,bluzy
1309.jpg,bluzy
1310.jpg,bluzy
1311.jpg,bluzy
1312.jpg,bluzy
1313.jpg,bluzy
1314.jpg,bluzy
1315.jpg,bluzy
1316.jpg,bluzy
1317.jpg,bluzy
1318.jpg,bluzy
1319.jpg,bluzy
1320.jpg,bluzy
1321.jpg,bluzy
1322.jpg,bluzy
1323.jpg,bluzy
1324.jpg,bluzy
1325.jpg,bluzy
1326.jpg,bluzy
1327.jpg,bluzy
1328.jpg,bluzy
1329.jpg,bluzy
1330.jpg,bluzy
1331.jpg,bluzy
1332.jpg,bluzy
1333.jpg,bluzy
1334.jpg,bluzy
1335.jpg,bluzy
1336.jpg,bluzy
1337.jpg,bluzy
1338.jpg,bluzy
1339.jpg,bluzy
1340.jpg,bluzy
1341.jpg,bluzy
1342.jpg,bluzy
1343.jpg,bluzy
1344.jpg,bluzy
1345.jpg,bluzy
1346.jpg,bluzy
1347.jpg,bluzy
1348.jpg,bluzy
1349.jpg,bluzy
1350.jpg,bluzy
1351.jpg,bluzy
1352.jpg,bluzy
1353.jpg,bluzy
1354.jpg,bluzy
1355.jpg,bluzy
1356.jpg,bluzy
1357.jpg,bluzy
1358.jpg,bluzy
1359.jpg,bluzy
1360.jpg,bluzy
1361.jpg,bluzy
1362.jpg,bluzy
1363.jpg,bluzy
1364.jpg,bluzy
1365.jpg,bluzy
1366.jpg,bluzy
1367.jpg,bluzy
1368.jpg,bluzy
1369.jpg,bluzy
1370.jpg,bluzy
1371.jpg,bluzy
1372.jpg,bluzy
1373.jpg,bluzy
1374.jpg,bluzy
1375.jpg,bluzy
1376.jpg,bluzy
1377.jpg,bluzy
1378.jpg,bluzy
1379.jpg,bluzy
1380.jpg,bluzy
1381.jpg,bluzy
1382.jpg,bluzy
1383.jpg,bluzy
1384.jpg,bluzy
1385.jpg,bluzy
1386.jpg,bluzy
1387.jpg,bluzy
1388.jpg,bluzy
1389.jpg,bluzy
1390.jpg,bluzy
1391.jpg,bluzy
1392.jpg,bluzy
1393.jpg,bluzy
1394.jpg,bluzy
1395.jpg,bluzy
1396.jpg,bluzy
1397.jpg,bluzy
1398.jpg,bluzy
1399.jpg,bluzy
1400.jpg,bluzy
1401.jpg,bluzy
1402.jpg,bluzy
1403.jpg,bluzy
1404.jpg,bluzy
1405.jpg,bluzy
1406.jpg,bluzy
1407.jpg,bluzy
1408.jpg,bluzy
1409.jpg,bluzy
1410.jpg,bluzy
1411.jpg,bluzy
1412.jpg,bluzy
1413.jpg,bluzy
1414.jpg,bluzy
1415.jpg,bluzy
1416.jpg,bluzy
1417.jpg,bluzy
1418.jpg,bluzy
1419.jpg,bluzy
1420.jpg,bluzy
1421.jpg,bluzy
1422.jpg,bluzy
1423.jpg,bluzy
1424.jpg,bluzy
1425.jpg,bluzy
1426.jpg,bluzy
1427.jpg,bluzy
1428.jpg,bluzy
1429.jpg,bluzy
1430.jpg,bluzy
1431.jpg,bluzy
1432.jpg,bluzy
1433.jpg,bluzy
1434.jpg,bluzy
1435.jpg,bluzy
1436.jpg,bluzy
1437.jpg,bluzy
1438.jpg,bluzy
1439.jpg,bluzy
1440.jpg,bluzy
1441.jpg,bluzy
1442.jpg,bluzy
1443.jpg,bluzy
1444.jpg,bluzy
1445.jpg,bluzy
1446.jpg,bluzy
1447.jpg,bluzy
1448.jpg,bluzy
1449.jpg,bluzy
1450.jpg,bluzy
1451.jpg,bluzy
1452.jpg,bluzy
1453.jpg,bluzy
1454.jpg,bluzy
1455.jpg,bluzy
1456.jpg,bluzy
1457.jpg,bluzy
1458.jpg,bluzy
1459.jpg,bluzy
1460.jpg,bluzy
1461.jpg,bluzy
1462.jpg,bluzy
1463.jpg,bluzy
1464.jpg,bluzy
1465.jpg,bluzy
1466.jpg,bluzy
1467.jpg,bluzy
1468.jpg,bluzy
1469.jpg,bluzy
1470.jpg,bluzy
1471.jpg,bluzy
1472.jpg,bluzy
1473.jpg,bluzy
1474.jpg,bluzy
1475.jpg,bluzy
1476.jpg,bluzy
1477.jpg,bluzy
1478.jpg,bluzy
1479.jpg,bluzy
1480.jpg,bluzy
1481.jpg,bluzy
1482.jpg,bluzy
1483.jpg,bluzy
1484.jpg,bluzy
1485.jpg,bluzy
1486.jpg,bluzy
1487.jpg,bluzy
1488.jpg,bluzy
1489.jpg,bluzy
1490.jpg,bluzy
1491.jpg,bluzy
1492.jpg,bluzy
1493.jpg,bluzy
1494.jpg,bluzy
1495.jpg,bluzy
1496.jpg,bluzy
1497.jpg,bluzy
1498.jpg,bluzy
1499.jpg,bluzy
1500.jpg,bluzy
1501.jpg,bluzy
1502.jpg,bluzy
1503.jpg,bluzy
1504.jpg,bluzy
1505.jpg,bluzy
1506.jpg,bluzy
1507.jpg,bluzy
1508.jpg,bluzy
1509.jpg,bluzy
1510.jpg,bluzy
1511.jpg,bluzy
1512.jpg,bluzy
1513.jpg,bluzy
1514.jpg,bluzy
1515.jpg,bluzy
1516.jpg,bluzy
1517.jpg,bluzy
1518.jpg,bluzy
1519.jpg,bluzy
1520.jpg,bluzy
1521.jpg,bluzy
1522.jpg,bluzy
1523.jpg,bluzy
1524.jpg,bluzy
1525.jpg,bluzy
1526.jpg,bluzy
1527.jpg,bluzy
1528.jpg,bluzy
1529.jpg,bluzy
1530.jpg,bluzy
1531.jpg,bluzy
1532.jpg,bluzy
1533.jpg,bluzy
1534.jpg,bluzy
1535.jpg,bluzy
1536.jpg,bluzy
1537.jpg,bluzy
1538.jpg,bluzy
1539.jpg,bluzy
1540.jpg,bluzy
1541.jpg,bluzy
1542.jpg,bluzy
1543.jpg,bluzy
1544.jpg,bluzy
1545.jpg,bluzy
1546.jpg,bluzy
1547.jpg,bluzy
1548.jpg,bluzy
1549.jpg,bluzy
1550.jpg,bluzy
1551.jpg,bluzy
1552.jpg,bluzy
1553.jpg,bluzy
1554.jpg,bluzy
1555.jpg,bluzy
1556.jpg,bluzy
1557.jpg,bluzy
1558.jpg,bluzy
1559.jpg,bluzy
1560.jpg,bluzy
1561.jpg,bluzy
1562.jpg,bluzy
1563.jpg,bluzy
1564.jpg,bluzy
1565.jpg,bluzy
1566.jpg,bluzy
1567.jpg,bluzy
1568.jpg,bluzy
1569.jpg,bluzy
1570.jpg,bluzy
1571.jpg,bluzy
1572.jpg,bluzy
1573.jpg,bluzy
1574.jpg,bluzy
1575.jpg,bluzy
1576.jpg,bluzy
1577.jpg,bluzy
1578.jpg,bluzy
1579.jpg,bluzy
1580.jpg,bluzy
1581.jpg,bluzy
1582.jpg,bluzy
1583.jpg,bluzy
1584.jpg,bluzy
1585.jpg,bluzy
1586.jpg,bluzy
1587.jpg,bluzy
1588.jpg,bluzy
1589.jpg,bluzy
1590.jpg,bluzy
1591.jpg,bluzy
1592.jpg,bluzy
1593.jpg,bluzy
1594.jpg,bluzy
1595.jpg,bluzy
1596.jpg,bluzy
1597.jpg,bluzy
1598.jpg,bluzy
1599.jpg,bluzy
1600.jpg,bluzy
1601.jpg,bluzy
1602.jpg,bluzy
1603.jpg,bluzy
1604.jpg,bluzy
1605.jpg,bluzy
1606.jpg,bluzy
1607.jpg,bluzy
1608.jpg,bluzy
1609.jpg,bluzy
1610.jpg,bluzy
1611.jpg,bluzy
1612.jpg,bluzy
1613.jpg,bluzy
1614.jpg,bluzy
1615.jpg,bluzy
1616.jpg,bluzy
1617.jpg,bluzy
1618.jpg,bluzy
1619.jpg,bluzy
1620.jpg,bluzy
1621.jpg,bluzy
1622.jpg,bluzy
1623.jpg,bluzy
1624.jpg,bluzy
1625.jpg,bluzy
1626.jpg,bluzy
1627.jpg,bluzy
1628.jpg,bluzy
1629.jpg,bluzy
1630.jpg,bluzy
1631.jpg,bluzy
1632.jpg,bluzy
1633.jpg,bluzy
1634.jpg,bluzy
1635.jpg,bluzy
1636.jpg,bluzy
1637.jpg,bluzy
1638.jpg,bluzy
1639.jpg,bluzy
1640.jpg,bluzy
1641.jpg,bluzy
1642.jpg,bluzy
1643.jpg,bluzy
1644.jpg,bluzy
1645.jpg,bluzy
1646.jpg,bluzy
1647.jpg,bluzy
1648.jpg,bluzy
1649.jpg,bluzy
1650.jpg,bluzy
1651.jpg,bluzy
1652.jpg,bluzy
1653.jpg,bluzy
1654.jpg,bluzy
1655.jpg,bluzy
1656.jpg,bluzy
1657.jpg,bluzy
1658.jpg,bluzy
1659.jpg,bluzy
1660.jpg,bluzy
1661.jpg,bluzy
1662.jpg,bluzy
1663.jpg,bluzy
1664.jpg,bluzy
1665.jpg,bluzy
1666.jpg,bluzy
1667.jpg,bluzy
1668.jpg,bluzy
1669.jpg,bluzy
1670.jpg,bluzy
1671.jpg,bluzy
1672.jpg,bluzy
1673.jpg,bluzy
1674.jpg,bluzy
1675.jpg,bluzy
1676.jpg,bluzy
1677.jpg,bluzy
1678.jpg,bluzy
1679.jpg,bluzy
1680.jpg,bluzy
1681.jpg,bluzy
1682.jpg,bluzy
1683.jpg,bluzy
1684.jpg,bluzy
1685.jpg,bluzy
1686.jpg,bluzy
1687.jpg,bluzy
1688.jpg,bluzy
1689.jpg,bluzy
1690.jpg,bluzy
1691.jpg,bluzy
1692.jpg,bluzy
1693.jpg,bluzy
1694.jpg,bluzy
1695.jpg,bluzy
1696.jpg,bluzy
1697.jpg,bluzy
1698.jpg,bluzy
1699.jpg,bluzy
1700.jpg,bluzy
1701.jpg,bluzy
1702.jpg,bluzy
1703.jpg,bluzy
1704.jpg,bluzy
1705.jpg,bluzy
1706.jpg,bluzy
1707.jpg,bluzy
1708.jpg,bluzy
1709.jpg,bluzy
1710.jpg,bluzy
1711.jpg,bluzy
1712.jpg,bluzy
1713.jpg,bluzy
1714.jpg,bluzy
1715.jpg,bluzy
1716.jpg,bluzy
1717.jpg,bluzy
1718.jpg,bluzy
1719.jpg,bluzy
1720.jpg,bluzy
1721.jpg,bluzy
1722.jpg,bluzy
1723.jpg,bluzy
1724.jpg,bluzy
1725.jpg,bluzy
1726.jpg,bluzy
1727.jpg,bluzy
1728.jpg,bluzy
1729.jpg,bluzy
1730.jpg,bluzy
1731.jpg,bluzy
1732.jpg,bluzy
1733.jpg,bluzy
1734.jpg,bluzy
1735.jpg,bluzy
1736.jpg,bluzy
1737.jpg,bluzy
1738.jpg,bluzy
1739.jpg,bluzy
1740.jpg,bluzy
1741.jpg,bluzy
1742.jpg,bluzy
1743.jpg,bluzy
1744.jpg,bluzy
1745.jpg,bluzy
1746.jpg,bluzy
1747.jpg,bluzy
1748.jpg,bluzy
1749.jpg,bluzy
1750.jpg,bluzy
1751.jpg,bluzy
1752.jpg,bluzy
1753.jpg,bluzy
1754.jpg,bluzy
1755.jpg,bluzy
1756.jpg,bluzy
1757.jpg,bluzy
1758.jpg,bluzy
1759.jpg,bluzy
1760.jpg,bluzy
1761.jpg,bluzy
1762.jpg,bluzy
1763.jpg,bluzy
1764.jpg,bluzy
1765.jpg,bluzy
1766.jpg,bluzy
1767.jpg,bluzy
1768.jpg,bluzy
1769.jpg,bryuki
1770.jpg,bryuki
1771.jpg,bryuki
1772.jpg,bryuki
1773.jpg,bryuki
1774.jpg,bryuki
1775.jpg,bryuki
1776.jpg,bryuki
1777.jpg,bryuki
1778.jpg,bryuki
1779.jpg,bryuki
1780.jpg,bryuki
1781.jpg,bryuki
1782.jpg,bryuki
1783.jpg,bryuki
1784.jpg,bryuki
1785.jpg,bryuki
1786.jpg,bryuki
1787.jpg,bryuki
1788.jpg,bryuki
1789.jpg,bryuki
1790.jpg,bryuki
1791.jpg,bryuki
1792.jpg,bryuki
1793.jpg,bryuki
1794.jpg,bryuki
1795.jpg,bryuki
1796.jpg,bryuki
1797.jpg,bryuki
1798.jpg,bryuki
1799.jpg,bluzy
1800.jpg,bryuki
1801.jpg,bryuki
1802.jpg,bryuki
1803.jpg,bryuki
1804.jpg,bryuki
1805.jpg,bryuki
1806.jpg,bryuki
1807.jpg,bryuki
1808.jpg,bryuki
1809.jpg,bryuki
1810.jpg,bryuki
1811.jpg,bryuki
1812.jpg,bryuki
1813.jpg,bryuki
1814.jpg,bryuki
1815.jpg,bryuki
1816.jpg,bryuki
1817.jpg,bryuki
1818.jpg,bryuki
1819.jpg,bryuki
1820.jpg,bryuki
1821.jpg,bryuki
1822.jpg,bryuki
1823.jpg,bryuki
1824.jpg,bryuki
1825.jpg,bryuki
1826.jpg,bryuki
1827.jpg,bryuki
1828.jpg,bryuki
1829.jpg,bryuki
1830.jpg,bryuki
1831.jpg,bryuki
1832.jpg,bryuki
1833.jpg,bryuki
1834.jpg,bryuki
1835.jpg,bryuki
1836.jpg,bryuki
1837.jpg,bryuki
1838.jpg,bryuki
1839.jpg,bryuki
1840.jpg,bryuki
1841.jpg,bryuki
1842.jpg,bryuki
1843.jpg,bryuki
1844.jpg,bryuki
1845.jpg,bryuki
1846.jpg,bryuki
1847.jpg,bryuki
1848.jpg,bryuki
1849.jpg,bryuki
1850.jpg,bryuki
1851.jpg,bryuki
1852.jpg,bryuki
1853.jpg,bryuki
1854.jpg,bryuki
1855.jpg,bryuki
1856.jpg,bryuki
1857.jpg,bryuki
1858.jpg,bryuki
1859.jpg,bryuki
1860.jpg,bryuki
1861.jpg,bryuki
1862.jpg,bryuki
1863.jpg,bryuki
1864.jpg,bryuki
1865.jpg,bryuki
1866.jpg,bryuki
1867.jpg,bryuki
1868.jpg,bryuki
1869.jpg,bryuki
1870.jpg,bryuki
1871.jpg,bryuki
1872.jpg,bryuki
1873.jpg,bryuki
1874.jpg,bryuki
1875.jpg,bryuki
1876.jpg,bryuki
1877.jpg,bryuki
1878.jpg,bryuki
1879.jpg,bryuki
1880.jpg,bryuki
1881.jpg,bryuki
1882.jpg,bryuki
1883.jpg,bryuki
1884.jpg,bryuki
1885.jpg,bryuki
1886.jpg,bryuki
1887.jpg,bryuki
1888.jpg,bryuki
1889.jpg,bryuki
1890.jpg,bryuki
1891.jpg,bryuki
1892.jpg,bryuki
1893.jpg,bryuki
1894.jpg,bryuki
1895.jpg,bryuki
1896.jpg,bryuki
1897.jpg,bryuki
1898.jpg,bryuki
1899.jpg,bryuki
1900.jpg,bryuki
1901.jpg,bryuki
1902.jpg,bryuki
1903.jpg,bryuki
1904.jpg,bryuki
1905.jpg,bryuki
1906.jpg,bryuki
1907.jpg,bryuki
1908.jpg,bryuki
1909.jpg,bryuki
1910.jpg,bryuki
1911.jpg,bryuki
1912.jpg,bryuki
1913.jpg,bryuki
1914.jpg,bryuki
1915.jpg,bryuki
1916.jpg,bryuki
1917.jpg,bryuki
1918.jpg,bryuki
1919.jpg,bryuki
1920.jpg,bryuki
1921.jpg,bryuki
1922.jpg,bryuki
1923.jpg,bryuki
1924.jpg,bryuki
1925.jpg,bryuki
1926.jpg,bryuki
1927.jpg,bryuki
1928.jpg,bryuki
1929.jpg,bryuki
1930.jpg,bryuki
1931.jpg,bryuki
1932.jpg,bryuki
1933.jpg,bryuki
1934.jpg,bryuki
1935.jpg,bryuki
1936.jpg,bryuki
1937.jpg,bryuki
1938.jpg,bryuki
1939.jpg,bryuki
1940.jpg,bryuki
1941.jpg,bryuki
1942.jpg,bryuki
1943.jpg,bryuki
1944.jpg,bryuki
1945.jpg,bryuki
1946.jpg,bryuki
1947.jpg,bryuki
1948.jpg,bryuki
1949.jpg,bryuki
1950.jpg,bryuki
1951.jpg,bryuki
1952.jpg,bryuki
1953.jpg,bryuki
1954.jpg,bryuki
1955.jpg,bryuki
1956.jpg,bryuki
1957.jpg,bryuki
1958.jpg,bryuki
1959.jpg,bryuki
1960.jpg,bryuki
1961.jpg,bryuki
1962.jpg,bryuki
1963.jpg,bryuki
1964.jpg,bryuki
1965.jpg,bryuki
1966.jpg,bryuki
1967.jpg,bryuki
1968.jpg,bryuki
1969.jpg,bryuki
1970.jpg,bryuki
1971.jpg,bryuki
1972.jpg,bryuki
1973.jpg,bryuki
1974.jpg,bryuki
1975.jpg,bryuki
1976.jpg,bryuki
1977.jpg,bryuki
1978.jpg,bryuki
1979.jpg,bryuki
1980.jpg,bryuki
1981.jpg,bryuki
1982.jpg,bryuki
1983.jpg,bryuki
1984.jpg,bryuki
1985.jpg,bryuki
1986.jpg,bryuki
1987.jpg,bryuki
1988.jpg,bryuki
1989.jpg,bryuki
1990.jpg,bryuki
1991.jpg,bryuki
1992.jpg,bryuki
1993.jpg,bryuki
1994.jpg,bryuki
1995.jpg,bryuki
1996.jpg,bryuki
1997.jpg,bryuki
1998.jpg,bryuki
1999.jpg,bryuki
2000.jpg,bryuki
2001.jpg,bryuki
2002.jpg,bryuki
2003.jpg,bryuki
2004.jpg,bryuki
2005.jpg,bryuki
2006.jpg,bryuki
2007.jpg,bryuki
2008.jpg,bryuki
2009.jpg,bryuki
2010.jpg,bryuki
2011.jpg,bryuki
2012.jpg,bryuki
2013.jpg,bryuki
2014.jpg,bryuki
2015.jpg,bryuki
2016.jpg,bryuki
2017.jpg,bryuki
2018.jpg,bryuki
2019.jpg,bryuki
2020.jpg,bryuki
2021.jpg,bryuki
2022.jpg,bryuki
2023.jpg,bryuki
2024.jpg,bryuki
2025.jpg,bryuki
2026.jpg,bryuki
2027.jpg,bryuki
2028.jpg,bryuki
2029.jpg,bryuki
2030.jpg,bryuki
2031.jpg,bryuki
2032.jpg,bryuki
2033.jpg,bryuki
2034.jpg,bryuki
2035.jpg,bryuki
2036.jpg,bryuki
2037.jpg,bryuki
2038.jpg,bryuki
2039.jpg,bryuki
2040.jpg,bryuki
2041.jpg,bryuki
2042.jpg,bryuki
2043.jpg,bryuki
2044.jpg,bryuki
2045.jpg,bryuki
2046.jpg,bryuki
2047.jpg,bryuki
2048.jpg,bryuki
2049.jpg,bryuki
2050.jpg,bryuki
2051.jpg,bryuki
2052.jpg,bryuki
2053.jpg,bryuki
2054.jpg,bryuki
2055.jpg,bryuki
2056.jpg,bryuki
2057.jpg,bryuki
2058.jpg,bryuki
2059.jpg,bryuki
2060.jpg,bryuki
2061.jpg,bryuki
2062.jpg,bryuki
2063.jpg,bryuki
2064.jpg,bryuki
2065.jpg,bryuki
2066.jpg,bryuki
2067.jpg,bryuki
2068.jpg,bryuki
2069.jpg,bryuki
2070.jpg,bryuki
2071.jpg,bryuki
2072.jpg,bryuki
2073.jpg,bryuki
2074.jpg,bryuki
2075.jpg,bryuki
2076.jpg,bryuki
2077.jpg,bryuki
2078.jpg,bryuki
2079.jpg,bryuki
2080.jpg,bryuki
2081.jpg,bryuki
2082.jpg,bryuki
2083.jpg,bryuki
2084.jpg,bryuki
2085.jpg,bryuki
2086.jpg,bryuki
2087.jpg,bryuki
2088.jpg,bryuki
2089.jpg,bryuki
2090.jpg,bryuki
2091.jpg,bryuki
2092.jpg,bryuki
2093.jpg,bryuki
2094.jpg,bryuki
2095.jpg,bryuki
2096.jpg,bryuki
2097.jpg,bryuki
2098.jpg,bryuki
2099.jpg,bryuki
2100.jpg,bryuki
2101.jpg,bryuki
2102.jpg,bryuki
2103.jpg,bryuki
2104.jpg,bryuki
2105.jpg,bryuki
2106.jpg,bryuki
2107.jpg,bryuki
2108.jpg,bryuki
2109.jpg,bryuki
2110.jpg,bryuki
2111.jpg,bryuki
2112.jpg,bryuki
2113.jpg,bryuki
2114.jpg,bryuki
2115.jpg,bryuki
2116.jpg,bryuki
2117.jpg,bryuki
2118.jpg,bryuki
2119.jpg,bryuki
2120.jpg,bryuki
2121.jpg,bryuki
2122.jpg,bryuki
2123.jpg,bryuki
2124.jpg,bryuki
2125.jpg,bryuki
2126.jpg,bryuki
2127.jpg,bryuki
2128.jpg,bryuki
2129.jpg,bryuki
2130.jpg,bryuki
2131.jpg,bryuki
2132.jpg,bryuki
2133.jpg,bryuki
2134.jpg,bryuki
2135.jpg,bryuki
2136.jpg,bryuki
2137.jpg,bryuki
2138.jpg,bryuki
2139.jpg,bryuki
2140.jpg,bryuki
2141.jpg,bryuki
2142.jpg,bryuki
2143.jpg,bryuki
2144.jpg,bryuki
2145.jpg,bryuki
2146.jpg,bryuki
2147.jpg,bryuki
2148.jpg,bryuki
2149.jpg,bryuki
2150.jpg,bryuki
2151.jpg,bryuki
2152.jpg,bryuki
2153.jpg,bryuki
2154.jpg,bryuki
2155.jpg,bryuki
2156.jpg,bryuki
2157.jpg,bryuki
2158.jpg,bryuki
2159.jpg,bryuki
2160.jpg,bryuki
2161.jpg,bryuki
2162.jpg,bryuki
2163.jpg,bryuki
2164.jpg,bryuki
2165.jpg,bryuki
2166.jpg,bryuki
2167.jpg,bryuki
2168.jpg,bryuki
2169.jpg,bryuki
2170.jpg,bryuki
2171.jpg,bryuki
2172.jpg,bryuki
2173.jpg,bryuki
2174.jpg,bryuki
2175.jpg,bryuki
2176.jpg,bryuki
2177.jpg,bryuki
2178.jpg,bryuki
2179.jpg,bryuki
2180.jpg,bryuki
2181.jpg,bryuki
2182.jpg,bryuki
2183.jpg,bryuki
2184.jpg,bryuki
2185.jpg,bryuki
2186.jpg,bryuki
2187.jpg,bryuki
2188.jpg,bryuki
2189.jpg,bryuki
2190.jpg,bryuki
2191.jpg,bryuki
2192.jpg,bryuki
2193.jpg,bryuki
2194.jpg,bryuki
2195.jpg,bryuki
2196.jpg,bryuki
2197.jpg,bryuki
2198.jpg,bryuki
2199.jpg,bryuki
2200.jpg,bryuki
2201.jpg,bryuki
2202.jpg,bryuki
2203.jpg,bryuki
2204.jpg,bryuki
2205.jpg,bryuki
2206.jpg,bryuki
2207.jpg,bryuki
2208.jpg,bryuki
2209.jpg,bryuki
2210.jpg,bryuki
2211.jpg,bryuki
2212.jpg,bryuki
2213.jpg,bryuki
2214.jpg,bryuki
2215.jpg,bryuki
2216.jpg,bryuki
2217.jpg,bryuki
2218.jpg,bryuki
2219.jpg,bryuki
2220.jpg,bryuki
2221.jpg,bryuki
2222.jpg,bryuki
2223.jpg,bryuki
2224.jpg,bryuki
2225.jpg,bryuki
2226.jpg,bryuki
2227.jpg,bryuki
2228.jpg,bryuki
2229.jpg,bryuki
2230.jpg,bryuki
2231.jpg,bryuki
2232.jpg,bryuki
2233.jpg,bryuki
2234.jpg,bryuki
2235.jpg,bryuki
2236.jpg,bryuki
2237.jpg,bryuki
2238.jpg,bryuki
2239.jpg,bryuki
2240.jpg,bryuki
2241.jpg,bryuki
2242.jpg,bryuki
2243.jpg,bryuki
2244.jpg,bryuki
2245.jpg,bryuki
2246.jpg,bryuki
2247.jpg,bryuki
2248.jpg,bryuki
2249.jpg,bryuki
2250.jpg,bryuki
2251.jpg,bryuki
2252.jpg,bryuki
2253.jpg,bryuki
2254.jpg,bryuki
2255.jpg,bryuki
2256.jpg,bryuki
2257.jpg,bryuki
2258.jpg,bryuki
2259.jpg,bryuki
2260.jpg,bryuki
2261.jpg,bryuki
2262.jpg,bryuki
2263.jpg,bryuki
2264.jpg,bryuki
2265.jpg,bryuki
2266.jpg,bryuki
2267.jpg,bryuki
2268.jpg,bryuki
2269.jpg,bryuki
2270.jpg,bryuki
2271.jpg,bryuki
2272.jpg,bryuki
2273.jpg,bryuki
2274.jpg,bryuki
2275.jpg,bryuki
2276.jpg,bryuki
2277.jpg,bryuki
2278.jpg,bryuki
2279.jpg,bryuki
2280.jpg,bryuki
2281.jpg,bryuki
2282.jpg,bryuki
2283.jpg,bryuki
2284.jpg,bryuki
2285.jpg,bryuki
2286.jpg,bryuki
2287.jpg,bryuki
2288.jpg,bryuki
2289.jpg,bryuki
2290.jpg,bryuki
2291.jpg,bryuki
2292.jpg,bryuki
2293.jpg,bryuki
2294.jpg,bryuki
2295.jpg,bryuki
2296.jpg,bryuki
2297.jpg,bryuki
2298.jpg,bryuki
2299.jpg,bryuki
2300.jpg,bryuki
2301.jpg,bryuki
2302.jpg,bryuki
2303.jpg,bryuki
2304.jpg,bryuki
2305.jpg,bryuki
2306.jpg,bryuki
2307.jpg,bryuki
2308.jpg,bryuki
2309.jpg,bryuki
2310.jpg,bryuki
2311.jpg,bryuki
2312.jpg,bryuki
2313.jpg,bryuki
2314.jpg,bryuki
2315.jpg,bryuki
2316.jpg,bryuki
2317.jpg,bryuki
2318.jpg,bryuki
2319.jpg,bryuki
2320.jpg,bryuki
2321.jpg,bryuki
2322.jpg,bryuki
2323.jpg,bryuki
2324.jpg,bryuki
2325.jpg,bryuki
2326.jpg,bryuki
2327.jpg,bryuki
2328.jpg,bryuki
2329.jpg,bryuki
2330.jpg,bryuki
2331.jpg,bryuki
2332.jpg,bryuki
2333.jpg,bryuki
2334.jpg,bryuki
2335.jpg,bryuki
2336.jpg,bryuki
2337.jpg,bryuki
2338.jpg,bryuki
2339.jpg,bryuki
2340.jpg,bryuki
2341.jpg,bryuki
2342.jpg,bryuki
2343.jpg,bryuki
2344.jpg,bryuki
2345.jpg,bryuki
2346.jpg,bryuki
2347.jpg,bryuki
2348.jpg,bryuki
2349.jpg,bryuki
2350.jpg,bryuki
2351.jpg,bryuki
2352.jpg,bryuki
2353.jpg,bryuki
2354.jpg,bryuki
2355.jpg,bryuki
2356.jpg,bryuki
2357.jpg,bryuki
2358.jpg,bryuki
2359.jpg,bryuki
2360.jpg,bryuki
2361.jpg,bryuki
2362.jpg,bryuki
2363.jpg,bryuki
2364.jpg,bryuki
2365.jpg,bryuki
2366.jpg,bryuki
2367.jpg,bryuki
2368.jpg,bryuki
2369.jpg,bryuki
2370.jpg,bryuki
2371.jpg,bryuki
2372.jpg,bryuki
2373.jpg,bryuki
2374.jpg,bryuki
2375.jpg,bryuki
2376.jpg,bryuki
2377.jpg,bryuki
2378.jpg,bryuki
2379.jpg,bryuki
2380.jpg,bryuki
2381.jpg,bryuki
2382.jpg,bryuki
2383.jpg,bryuki
2384.jpg,bryuki
2385.jpg,bryuki
2386.jpg,bryuki
2387.jpg,bryuki
2388.jpg,bryuki
2389.jpg,bryuki
2390.jpg,bryuki
2391.jpg,bryuki
2392.jpg,bryuki
2393.jpg,bryuki
2394.jpg,bryuki
2395.jpg,bryuki
2396.jpg,bryuki
2397.jpg,bryuki
2398.jpg,bryuki
2399.jpg,bryuki
2400.jpg,bryuki
2401.jpg,bryuki
2402.jpg,bryuki
2403.jpg,bryuki
2404.jpg,bryuki
2405.jpg,bryuki
2406.jpg,bryuki
2407.jpg,bryuki
2408.jpg,bryuki
2409.jpg,bryuki
2410.jpg,bryuki
2411.jpg,bryuki
2412.jpg,bryuki
2413.jpg,bryuki
2414.jpg,bryuki
2415.jpg,bryuki
2416.jpg,bryuki
2417.jpg,bryuki
2418.jpg,bryuki
2419.jpg,bryuki
2420.jpg,bryuki
2421.jpg,bryuki
2422.jpg,bryuki
2423.jpg,bryuki
2424.jpg,bryuki
2425.jpg,bryuki
2426.jpg,bryuki
2427.jpg,bryuki
2428.jpg,bryuki
2429.jpg,bryuki
2430.jpg,bryuki
2431.jpg,bryuki
2432.jpg,bryuki
2433.jpg,bryuki
2434.jpg,bryuki
2435.jpg,bryuki
2436.jpg,bryuki
2437.jpg,bryuki
2438.jpg,bryuki
2439.jpg,bryuki
2440.jpg,bryuki
2441.jpg,bryuki
2442.jpg,bryuki
2443.jpg,bryuki
2444.jpg,bryuki
2445.jpg,bryuki
2446.jpg,bryuki
2447.jpg,bryuki
2448.jpg,bryuki
2449.jpg,bryuki
2450.jpg,bryuki
2451.jpg,bryuki
2452.jpg,bryuki
2453.jpg,bryuki
2454.jpg,bryuki
2455.jpg,bryuki
2456.jpg,bryuki
2457.jpg,bryuki
2458.jpg,bryuki
2459.jpg,bryuki
2460.jpg,bryuki
2461.jpg,bryuki
2462.jpg,bryuki
2463.jpg,bryuki
2464.jpg,bryuki
2465.jpg,bryuki
2466.jpg,bryuki
2467.jpg,bryuki
2468.jpg,bryuki
2469.jpg,bryuki
2470.jpg,bryuki
2471.jpg,bryuki
2472.jpg,bryuki
2473.jpg,bryuki
2474.jpg,bryuki
2475.jpg,bryuki
2476.jpg,bryuki
2477.jpg,bryuki
2478.jpg,bryuki
2479.jpg,bryuki
2480.jpg,bryuki
2481.jpg,bryuki
2482.jpg,bryuki
2483.jpg,bryuki
2484.jpg,bryuki
2485.jpg,bryuki
2486.jpg,bryuki
2487.jpg,bryuki
2488.jpg,bryuki
2489.jpg,bryuki
2490.jpg,bryuki
2491.jpg,bryuki
2492.jpg,bryuki
2493.jpg,bryuki
2494.jpg,bryuki
2495.jpg,bryuki
2496.jpg,bryuki
2497.jpg,bryuki
2498.jpg,bryuki
2499.jpg,bryuki
2500.jpg,bryuki
2501.jpg,bryuki
2502.jpg,bryuki
2503.jpg,bryuki
2504.jpg,bryuki
2505.jpg,bryuki
2506.jpg,bryuki
2507.jpg,bryuki
2508.jpg,bryuki
2509.jpg,bryuki
2510.jpg,bryuki
2511.jpg,bryuki
2512.jpg,bryuki
2513.jpg,bryuki
2514.jpg,bryuki
2515.jpg,bryuki
2516.jpg,bryuki
2517.jpg,bryuki
2518.jpg,bryuki
2519.jpg,bryuki
2520.jpg,bryuki
2521.jpg,bryuki
2522.jpg,bryuki
2523.jpg,bryuki
2524.jpg,bryuki
2525.jpg,bryuki
2526.jpg,bryuki
2527.jpg,bryuki
2528.jpg,bryuki
2529.jpg,bryuki
2530.jpg,bryuki
2531.jpg,bryuki
2532.jpg,bryuki
2533.jpg,bryuki
2534.jpg,bryuki
2535.jpg,bryuki
2536.jpg,bryuki
2537.jpg,bryuki
2538.jpg,bryuki
2539.jpg,bryuki
2540.jpg,bryuki
2541.jpg,bryuki
2542.jpg,bryuki
2543.jpg,bryuki
2544.jpg,bryuki
2545.jpg,bryuki
2546.jpg,bryuki
2547.jpg,bryuki
2548.jpg,bryuki
2549.jpg,bryuki
2550.jpg,bryuki
2551.jpg,bryuki
2552.jpg,bryuki
2553.jpg,bryuki
2554.jpg,bryuki
2555.jpg,bryuki
2556.jpg,bryuki
2557.jpg,bryuki
2558.jpg,bryuki
2559.jpg,bryuki
2560.jpg,bryuki
2561.jpg,bryuki
2562.jpg,bryuki
2563.jpg,bryuki
2564.jpg,bryuki
2565.jpg,bryuki
2566.jpg,bryuki
2567.jpg,bryuki
2568.jpg,bryuki
2569.jpg,bryuki
2570.jpg,bryuki
2571.jpg,bryuki
2572.jpg,bryuki
2573.jpg,bryuki
2574.jpg,bryuki
2575.jpg,bryuki
2576.jpg,bryuki
2577.jpg,bryuki
2578.jpg,bryuki
2579.jpg,bryuki
2580.jpg,bryuki
2581.jpg,bryuki
2582.jpg,bryuki
2583.jpg,bryuki
2584.jpg,bryuki
2585.jpg,bryuki
2586.jpg,bryuki
2587.jpg,bryuki
2588.jpg,bryuki
2589.jpg,bryuki
2590.jpg,bryuki
2591.jpg,bryuki
2592.jpg,bryuki
2593.jpg,bryuki
2594.jpg,bryuki
2595.jpg,bryuki
2596.jpg,bryuki
2597.jpg,bryuki
2598.jpg,bryuki
2599.jpg,bryuki
2600.jpg,bryuki
2601.jpg,bryuki
2602.jpg,bryuki
2603.jpg,bryuki
2604.jpg,bryuki
2605.jpg,bryuki
2606.jpg,bryuki
2607.jpg,bryuki
2608.jpg,bryuki
2609.jpg,bryuki
2610.jpg,bryuki
2611.jpg,bryuki
2612.jpg,bryuki
2613.jpg,bryuki
2614.jpg,bryuki
2615.jpg,bryuki
2616.jpg,bryuki
2617.jpg,bryuki
2618.jpg,bryuki
2619.jpg,bryuki
2620.jpg,bryuki
2621.jpg,bryuki
2622.jpg,bryuki
2623.jpg,bryuki
2624.jpg,bryuki
2625.jpg,bryuki
2626.jpg,bryuki
2627.jpg,bryuki
2628.jpg,bryuki
2629.jpg,bryuki
2630.jpg,bryuki
2631.jpg,bryuki
2632.jpg,bryuki
2633.jpg,bryuki
2634.jpg,bryuki
2635.jpg,bryuki
2636.jpg,bryuki
2637.jpg,bryuki
2638.jpg,bryuki
2639.jpg,bryuki
2640.jpg,bryuki
2641.jpg,bryuki
2642.jpg,bryuki
2643.jpg,bryuki
2644.jpg,bryuki
2645.jpg,bryuki
2646.jpg,bryuki
2647.jpg,bryuki
2648.jpg,bryuki
2649.jpg,bryuki
2650.jpg,bryuki
2651.jpg,bryuki
2652.jpg,bryuki
2653.jpg,bryuki
2654.jpg,bryuki
2655.jpg,bryuki
2656.jpg,bryuki
2657.jpg,bryuki
2658.jpg,bryuki
2659.jpg,bryuki
2660.jpg,bryuki
2661.jpg,bryuki
2662.jpg,bryuki
2663.jpg,bryuki
2664.jpg,bryuki
2665.jpg,bryuki
2666.jpg,bryuki
2667.jpg,bryuki
2668.jpg,bryuki
2669.jpg,bryuki
2670.jpg,bryuki
2671.jpg,bryuki
2672.jpg,bryuki
2673.jpg,bryuki
2674.jpg,bryuki
2675.jpg,bryuki
2676.jpg,bryuki
2677.jpg,bryuki
2678.jpg,bryuki
2679.jpg,bryuki
2680.jpg,bryuki
2681.jpg,bryuki
2682.jpg,bryuki
2683.jpg,bryuki
2684.jpg,bryuki
2685.jpg,bryuki
2686.jpg,bryuki
2687.jpg,bryuki
2688.jpg,bryuki
2689.jpg,bryuki
2690.jpg,bryuki
2691.jpg,bryuki
2692.jpg,bryuki
2693.jpg,bryuki
2694.jpg,bryuki
2695.jpg,bryuki
2696.jpg,bryuki
2697.jpg,bryuki
2698.jpg,bryuki
2699.jpg,bryuki
2700.jpg,bryuki
2701.jpg,bryuki
2702.jpg,bryuki
2703.jpg,bryuki
2704.jpg,bryuki
2705.jpg,bryuki
2706.jpg,bryuki
2707.jpg,bryuki
2708.jpg,bryuki
2709.jpg,bryuki
2710.jpg,bryuki
2711.jpg,bryuki
2712.jpg,bryuki
2713.jpg,bryuki
2714.jpg,bryuki
2715.jpg,bryuki
2716.jpg,bryuki
2717.jpg,bryuki
2718.jpg,bryuki
2719.jpg,bryuki
2720.jpg,bryuki
2721.jpg,bryuki
2722.jpg,bluzy
2723.jpg,bryuki
2724.jpg,bryuki
2725.jpg,bryuki
2726.jpg,bryuki
2727.jpg,bryuki
2728.jpg,bryuki
2729.jpg,bryuki
2730.jpg,bryuki
2731.jpg,bryuki
2732.jpg,bryuki
2733.jpg,bryuki
2734.jpg,bryuki
2735.jpg,bryuki
2736.jpg,bryuki
2737.jpg,bryuki
2738.jpg,bryuki
2739.jpg,bryuki
2740.jpg,bryuki
2741.jpg,bryuki
2742.jpg,bryuki
2743.jpg,bryuki
2744.jpg,bryuki
2745.jpg,bryuki
2746.jpg,bryuki
2747.jpg,bryuki
2748.jpg,bryuki
2749.jpg,bryuki
2750.jpg,bryuki
2751.jpg,bryuki
2752.jpg,bryuki
2753.jpg,bryuki
2754.jpg,bryuki
2755.jpg,bryuki
2756.jpg,bryuki
2757.jpg,bryuki
2758.jpg,bryuki
2759.jpg,bryuki
2760.jpg,bryuki
2761.jpg,bryuki
2762.jpg,bryuki
2763.jpg,bryuki
2764.jpg,bryuki
2765.jpg,bryuki
2766.jpg,bryuki
2767.jpg,bryuki
2768.jpg,bryuki
2769.jpg,bryuki
2770.jpg,bryuki
2771.jpg,bryuki
2772.jpg,bryuki
2773.jpg,bryuki
2774.jpg,bryuki
2775.jpg,bryuki
2776.jpg,bryuki
2777.jpg,bryuki
2778.jpg,bryuki
2779.jpg,bryuki
2780.jpg,bryuki
2781.jpg,bryuki
2782.jpg,bryuki
2783.jpg,bryuki
2784.jpg,bryuki
2785.jpg,bryuki
2786.jpg,bryuki
2787.jpg,bryuki
2788.jpg,bryuki
2789.jpg,bryuki
2790.jpg,bryuki
2791.jpg,bryuki
2792.jpg,bryuki
2793.jpg,bryuki
2794.jpg,bryuki
2795.jpg,bryuki
2796.jpg,bryuki
2797.jpg,bryuki
2798.jpg,bryuki
2799.jpg,bryuki
2800.jpg,bryuki
2801.jpg,bryuki
2802.jpg,bryuki
2803.jpg,bryuki
2804.jpg,bryuki
2805.jpg,bryuki
2806.jpg,bryuki
2807.jpg,bryuki
2808.jpg,bryuki
2809.jpg,bryuki
2810.jpg,bryuki
2811.jpg,bryuki
2812.jpg,bryuki
2813.jpg,bryuki
2814.jpg,bryuki
2815.jpg,bryuki
2816.jpg,bryuki
2817.jpg,bryuki
2818.jpg,bryuki
2819.jpg,bryuki
2820.jpg,bryuki
2821.jpg,bryuki
2822.jpg,bryuki
2823.jpg,bryuki
2824.jpg,bryuki
2825.jpg,bryuki
2826.jpg,bryuki
2827.jpg,bryuki
2828.jpg,bryuki
2829.jpg,bryuki
2830.jpg,bryuki
2831.jpg,bryuki
2832.jpg,bryuki
2833.jpg,bryuki
2834.jpg,bryuki
2835.jpg,bryuki
2836.jpg,bryuki
2837.jpg,bryuki
2838.jpg,bryuki
2839.jpg,bryuki
2840.jpg,bryuki
2841.jpg,bryuki
2842.jpg,bryuki
2843.jpg,bryuki
2844.jpg,bryuki
2845.jpg,bryuki
2846.jpg,bryuki
2847.jpg,bryuki
2848.jpg,bryuki
2849.jpg,bryuki
2850.jpg,bryuki
2851.jpg,bryuki
2852.jpg,bryuki
2853.jpg,bryuki
2854.jpg,bryuki
2855.jpg,bryuki
2856.jpg,bryuki
2857.jpg,bryuki
2858.jpg,bryuki
2859.jpg,bryuki
2860.jpg,bryuki
2861.jpg,bryuki
2862.jpg,bryuki
2863.jpg,bryuki
2864.jpg,bryuki
2865.jpg,bryuki
2866.jpg,bryuki
2867.jpg,bryuki
2868.jpg,bryuki
2869.jpg,bryuki
2870.jpg,bryuki
2871.jpg,bryuki
2872.jpg,bryuki
2873.jpg,bryuki
2874.jpg,bryuki
2875.jpg,bryuki
2876.jpg,bryuki
2877.jpg,bryuki
2878.jpg,bryuki
2879.jpg,bryuki
2880.jpg,bryuki
2881.jpg,bryuki
2882.jpg,bryuki
2883.jpg,bryuki
2884.jpg,bryuki
2885.jpg,bryuki
2886.jpg,bryuki
2887.jpg,bryuki
2888.jpg,bryuki
2889.jpg,bryuki
2890.jpg,bryuki
2891.jpg,bryuki
2892.jpg,bryuki
2893.jpg,bryuki
2894.jpg,bryuki
2895.jpg,bryuki
2896.jpg,bryuki
2897.jpg,bryuki
2898.jpg,bryuki
2899.jpg,bryuki
2900.jpg,bryuki
2901.jpg,bryuki
2902.jpg,bryuki
2903.jpg,bryuki
2904.jpg,bryuki
2905.jpg,bryuki
2906.jpg,bryuki
2907.jpg,bryuki
2908.jpg,bryuki
2909.jpg,bryuki
2910.jpg,bryuki
2911.jpg,bryuki
2912.jpg,bryuki
2913.jpg,bryuki
2914.jpg,bryuki
2915.jpg,bryuki
2916.jpg,bryuki
2917.jpg,bryuki
2918.jpg,bryuki
2919.jpg,bryuki
2920.jpg,bryuki
2921.jpg,bryuki
2922.jpg,bryuki
2923.jpg,bryuki
2924.jpg,bryuki
2925.jpg,bryuki
2926.jpg,bryuki
2927.jpg,bryuki
2928.jpg,bryuki
2929.jpg,bryuki
2930.jpg,bryuki
2931.jpg,bryuki
2932.jpg,bryuki
2933.jpg,bryuki
2934.jpg,bryuki
2935.jpg,bryuki
2936.jpg,bryuki
2937.jpg,bryuki
2938.jpg,bryuki
2939.jpg,bryuki
2940.jpg,bryuki
2941.jpg,bryuki
2942.jpg,bryuki
2943.jpg,bryuki
2944.jpg,bryuki
2945.jpg,bryuki
2946.jpg,bryuki
2947.jpg,bryuki
2948.jpg,bryuki
2949.jpg,bryuki
2950.jpg,bryuki
2951.jpg,bryuki
2952.jpg,bryuki
2953.jpg,bryuki
2954.jpg,bryuki
2955.jpg,bryuki
2956.jpg,bryuki
2957.jpg,bryuki
2958.jpg,bryuki
2959.jpg,bryuki
2960.jpg,bryuki
2961.jpg,bryuki
2962.jpg,bryuki
2963.jpg,bryuki
2964.jpg,bryuki
2965.jpg,bryuki
2966.jpg,bryuki
2967.jpg,bryuki
2968.jpg,bryuki
2969.jpg,bryuki
2970.jpg,bryuki
2971.jpg,bryuki
2972.jpg,bryuki
2973.jpg,bryuki
2974.jpg,bryuki
2975.jpg,bryuki
2976.jpg,bryuki
2977.jpg,bryuki
2978.jpg,bryuki
2979.jpg,bryuki
2980.jpg,bryuki
2981.jpg,bryuki
2982.jpg,bryuki
2983.jpg,bryuki
2984.jpg,bryuki
2985.jpg,bryuki
2986.jpg,bryuki
2987.jpg,bryuki
2988.jpg,bryuki
2989.jpg,bryuki
2990.jpg,bryuki
2991.jpg,bryuki
2992.jpg,bryuki
2993.jpg,bryuki
2994.jpg,bryuki
2995.jpg,bryuki
2996.jpg,bryuki
2997.jpg,bryuki
2998.jpg,bryuki
2999.jpg,bryuki
3000.jpg,bryuki
3001.jpg,bryuki
3002.jpg,bryuki
3003.jpg,bryuki
3004.jpg,bryuki
3005.jpg,bryuki
3006.jpg,bryuki
3007.jpg,bryuki
3008.jpg,bryuki
3009.jpg,bryuki
3010.jpg,bryuki
3011.jpg,bryuki
3012.jpg,bryuki
3013.jpg,bryuki
3014.jpg,bryuki
3015.jpg,bryuki
3016.jpg,bryuki
3017.jpg,bryuki
3018.jpg,bryuki
3019.jpg,bryuki
3020.jpg,bryuki
3021.jpg,bryuki
3022.jpg,bryuki
3023.jpg,bryuki
3024.jpg,bryuki
3025.jpg,bryuki
3026.jpg,bryuki
3027.jpg,bryuki
3028.jpg,bryuki
3029.jpg,bryuki
3030.jpg,bryuki
3031.jpg,bryuki
3032.jpg,bryuki
3033.jpg,bryuki
3034.jpg,bryuki
3035.jpg,bryuki
3036.jpg,bryuki
3037.jpg,bryuki
3038.jpg,bryuki
3039.jpg,bryuki
3040.jpg,bryuki
3041.jpg,bryuki
3042.jpg,bryuki
3043.jpg,bryuki
3044.jpg,bryuki
3045.jpg,bryuki
3046.jpg,bryuki
3047.jpg,bryuki
3048.jpg,bryuki
3049.jpg,bryuki
3050.jpg,bryuki
3051.jpg,bryuki
3052.jpg,bryuki
3053.jpg,bryuki
3054.jpg,bryuki
3055.jpg,bryuki
3056.jpg,bryuki
3057.jpg,bryuki
3058.jpg,bryuki
3059.jpg,bryuki
3060.jpg,bryuki
3061.jpg,bryuki
3062.jpg,bryuki
3063.jpg,bryuki
3064.jpg,bryuki
3065.jpg,bryuki
3066.jpg,bryuki
3067.jpg,bryuki
3068.jpg,bryuki
3069.jpg,bryuki
3070.jpg,bryuki
3071.jpg,bryuki
3072.jpg,bryuki
3073.jpg,bryuki
3074.jpg,bryuki
3075.jpg,bryuki
3076.jpg,bryuki
3077.jpg,bryuki
3078.jpg,bryuki
3079.jpg,bryuki
3080.jpg,bryuki
3081.jpg,bryuki
3082.jpg,bryuki
3083.jpg,bryuki
3084.jpg,bryuki
3085.jpg,bryuki
3086.jpg,bryuki
3087.jpg,bryuki
3088.jpg,bluzy
3089.jpg,bryuki
3090.jpg,bryuki
3091.jpg,bryuki
3092.jpg,bryuki
3093.jpg,bryuki
3094.jpg,bryuki
3095.jpg,bryuki
3096.jpg,bryuki
3097.jpg,bryuki
3098.jpg,bryuki
3099.jpg,bryuki
3100.jpg,bryuki
3101.jpg,bryuki
3102.jpg,bryuki
3103.jpg,bryuki
3104.jpg,bryuki
3105.jpg,bryuki
3106.jpg,bryuki
3107.jpg,bryuki
3108.jpg,bryuki
3109.jpg,bryuki
3110.jpg,bryuki
3111.jpg,bryuki
3112.jpg,bryuki
3113.jpg,bryuki
3114.jpg,bryuki
3115.jpg,bryuki
3116.jpg,bryuki
3117.jpg,bryuki
3118.jpg,bryuki
3119.jpg,bryuki
3120.jpg,bryuki
3121.jpg,bryuki
3122.jpg,bryuki
3123.jpg,bryuki
3124.jpg,bryuki
3125.jpg,bryuki
3126.jpg,bryuki
3127.jpg,bryuki
3128.jpg,bryuki
3129.jpg,bryuki
3130.jpg,bryuki
3131.jpg,bryuki
3132.jpg,bryuki
3133.jpg,bryuki
3134.jpg,bluzy
3135.jpg,bryuki
3136.jpg,bryuki
3137.jpg,bryuki
3138.jpg,bryuki
3139.jpg,bryuki
3140.jpg,bryuki
3141.jpg,bryuki
3142.jpg,bryuki
3143.jpg,bryuki
3144.jpg,bryuki
3145.jpg,bryuki
3146.jpg,bryuki
3147.jpg,bryuki
3148.jpg,bryuki
3149.jpg,bryuki
3150.jpg,bryuki
3151.jpg,bryuki
3152.jpg,bryuki
3153.jpg,bryuki
3154.jpg,bryuki
3155.jpg,bryuki
3156.jpg,bryuki
3157.jpg,bryuki
3158.jpg,bryuki
3159.jpg,bryuki
3160.jpg,bryuki
3161.jpg,bryuki
3162.jpg,bryuki
3163.jpg,bryuki
3164.jpg,bryuki
3165.jpg,bryuki
3166.jpg,bryuki
3167.jpg,bryuki
3168.jpg,bryuki
3169.jpg,bryuki
3170.jpg,bryuki
3171.jpg,bryuki
3172.jpg,bryuki
3173.jpg,bryuki
3174.jpg,bryuki
3175.jpg,bryuki
3176.jpg,bryuki
3177.jpg,bryuki
3178.jpg,bryuki
3179.jpg,bryuki
3180.jpg,bryuki
3181.jpg,bryuki
3182.jpg,bryuki
3183.jpg,bryuki
3184.jpg,bryuki
3185.jpg,bryuki
3186.jpg,bryuki
3187.jpg,bryuki
3188.jpg,bryuki
3189.jpg,bryuki
3190.jpg,bryuki
3191.jpg,bryuki
3192.jpg,bryuki
3193.jpg,bryuki
3194.jpg,bryuki
3195.jpg,bryuki
3196.jpg,bryuki
3197.jpg,bryuki
3198.jpg,bryuki
3199.jpg,bryuki
3200.jpg,bryuki
3201.jpg,bryuki
3202.jpg,bryuki
3203.jpg,bryuki
3204.jpg,bryuki
3205.jpg,bryuki
3206.jpg,bryuki
3207.jpg,bryuki
3208.jpg,bryuki
3209.jpg,bryuki
3210.jpg,bryuki
3211.jpg,bryuki
3212.jpg,bryuki
3213.jpg,bryuki
3214.jpg,bryuki
3215.jpg,bryuki
3216.jpg,bryuki
3217.jpg,bryuki
3218.jpg,bryuki
3219.jpg,bryuki
3220.jpg,bryuki
3221.jpg,bryuki
3222.jpg,bryuki
3223.jpg,bryuki
3224.jpg,bryuki
3225.jpg,bryuki
3226.jpg,bryuki
3227.jpg,bryuki
3228.jpg,bryuki
3229.jpg,bryuki
3230.jpg,bryuki
3231.jpg,bryuki
3232.jpg,bryuki
3233.jpg,bryuki
3234.jpg,bryuki
3235.jpg,bryuki
3236.jpg,bryuki
3237.jpg,bryuki
3238.jpg,bryuki
3239.jpg,bryuki
3240.jpg,bryuki
3241.jpg,bryuki
3242.jpg,bryuki
3243.jpg,bryuki
3244.jpg,bryuki
3245.jpg,bryuki
3246.jpg,bryuki
3247.jpg,bryuki
3248.jpg,bryuki
3249.jpg,bryuki
3250.jpg,bryuki
3251.jpg,bryuki
3252.jpg,bryuki
3253.jpg,bryuki
3254.jpg,bryuki
3255.jpg,bryuki
3256.jpg,bryuki
3257.jpg,bryuki
3258.jpg,bryuki
3259.jpg,bryuki
3260.jpg,bryuki
3261.jpg,bryuki
3262.jpg,bryuki
3263.jpg,bryuki
3264.jpg,bryuki
3265.jpg,bryuki
3266.jpg,bryuki
3267.jpg,bryuki
3268.jpg,bryuki
3269.jpg,bryuki
3270.jpg,bryuki
3271.jpg,bryuki
3272.jpg,bryuki
3273.jpg,bryuki
3274.jpg,bryuki
3275.jpg,bryuki
3276.jpg,bryuki
3277.jpg,bryuki
3278.jpg,bryuki
3279.jpg,bryuki
3280.jpg,bryuki
3281.jpg,bryuki
3282.jpg,bryuki
3283.jpg,bryuki
3284.jpg,bryuki
3285.jpg,bryuki
3286.jpg,bryuki
3287.jpg,bryuki
3288.jpg,bryuki
3289.jpg,bryuki
3290.jpg,bryuki
3291.jpg,bryuki
3292.jpg,bryuki
3293.jpg,bryuki
3294.jpg,bryuki
3295.jpg,bryuki
3296.jpg,bryuki
3297.jpg,bryuki
3298.jpg,bryuki
3299.jpg,bryuki
3300.jpg,bryuki
3301.jpg,bryuki
3302.jpg,bryuki
3303.jpg,bryuki
3304.jpg,bryuki
3305.jpg,bryuki
3306.jpg,bryuki
3307.jpg,bryuki
3308.jpg,bryuki
3309.jpg,bryuki
3310.jpg,bryuki
3311.jpg,bryuki
3312.jpg,bryuki
3313.jpg,bryuki
3314.jpg,bryuki
3315.jpg,bryuki
3316.jpg,bryuki
3317.jpg,bryuki
3318.jpg,bryuki
3319.jpg,bryuki
3320.jpg,bryuki
3321.jpg,bryuki
3322.jpg,bryuki
3323.jpg,bryuki
3324.jpg,bryuki
3325.jpg,bryuki
3326.jpg,bryuki
3327.jpg,bryuki
3328.jpg,bryuki
3329.jpg,bryuki
3330.jpg,bryuki
3331.jpg,bryuki
3332.jpg,bryuki
3333.jpg,bryuki
3334.jpg,bryuki
3335.jpg,bryuki
3336.jpg,bryuki
3337.jpg,bryuki
3338.jpg,bryuki
3339.jpg,bryuki
3340.jpg,bryuki
3341.jpg,bryuki
3342.jpg,bryuki
3343.jpg,bryuki
3344.jpg,bryuki
3345.jpg,bryuki
3346.jpg,bryuki
3347.jpg,bryuki
3348.jpg,bryuki
3349.jpg,bryuki
3350.jpg,bryuki
3351.jpg,bryuki
3352.jpg,bryuki
3353.jpg,bryuki
3354.jpg,bryuki
3355.jpg,bryuki
3356.jpg,bryuki
3357.jpg,bryuki
3358.jpg,bryuki
3359.jpg,bryuki
3360.jpg,bryuki
3361.jpg,bryuki
3362.jpg,bryuki
3363.jpg,bryuki
3364.jpg,bryuki
3365.jpg,bryuki
3366.jpg,bryuki
3367.jpg,bryuki
3368.jpg,bryuki
3369.jpg,bryuki
